"InsectPK","BeeNonbee","Order","Family","Genus","SubGenus","Species","SubSpecies"
1,"non-bee","Diptera","Syrphidae","Eupeodes","","fumipennis",""
2,"bee","Hymenoptera","Halictidae","Lasioglossum","(Dialictus)","incompletum",""
3,"bee","Hymenoptera","Megachilidae","Megachile","","gentilis",""
4,"bee","Hymenoptera","Apidae","Ceratina","","acantha",""
5,"non-bee","Diptera","Syrphidae","Paragus","","haemorrhous",""
6,"non-bee","Coleoptera","","","","",""
7,"bee","Hymenoptera","Halictidae","Halictus","","ligatus",""
8,"non-bee","Hemiptera","","","","",""
9,"bee","Hymenoptera","Apidae","Eucera","","frater","albopilosa"
10,"bee","Hymenoptera","Apidae","Bombus","","melanopygus",""
11,"bee","Hymenoptera","Apidae","Eucera","","actuosa",""
12,"bee","Hymenoptera","Megachilidae","Hoplitis","","producta","gracilis"
13,"bee","Hymenoptera","Halictidae","Agapostemon","","texanus",""
14,"bee","Hymenoptera","Megachilidae","Osmia","","atrocyanea",""
15,"bee","Hymenoptera","Megachilidae","Osmia","","nemoris",""
16,"bee","Hymenoptera","Apidae","Ceratina","","dallatorreana",""
17,"bee","Hymenoptera","Halictidae","Halictus","","tripartitus",""
18,"bee","Hymenoptera","Halictidae","Lasioglossum","(Dialictus)","tegulare group",""
19,"bee","Hymenoptera","Megachilidae","Ashmeadiella","","aridula","astragali"
20,"bee","Hymenoptera","Halictidae","Lasioglossum","(Dialictus)","diversopunctatum",""
21,"non-bee","Lepidoptera","Pieridae","Pieris","","rapae",""
22,"bee","Hymenoptera","Megachilidae","Megachile","","rotundata",""
23,"bee","Hymenoptera","Apidae","Melissodes","","agilis",""
24,"non-bee","Lepidoptera","Lycaenidae","Lycaena","","helloides",""
25,"bee","Hymenoptera","Apidae","Melissodes","","tepida","timberlakei"
26,"bee","Hymenoptera","Halictidae","Lasioglossum","(Dialictus)","",""
27,"non-bee","Diptera","Syrphidae","Helophilus","","latifrons",""
28,"non-bee","Diptera","Syrphidae","Ceriana","","tridens",""
29,"non-bee","Diptera","Syrphidae","Syritta","","pipiens",""
30,"non-bee","Diptera","Syrphidae","Toxomerus","","marginatus",""
31,"non-bee","Diptera","","","","",""
32,"bee","Hymenoptera","Apidae","Melissodes","","lupina",""
33,"bee","Hymenoptera","Colletidae","Hylaeus","","conspicuus",""
34,"non-bee","Lepidoptera","Pieridae","Colias","","eurytheme",""
35,"bee","Hymenoptera","Apidae","Melissodes","","robustior",""
36,"bee","Hymenoptera","Apidae","Triepeolus","","sp.","EM"
37,"non-bee","Lepidoptera","Lycaenidae","Strymon","","melinus",""
38,"non-bee","Hymenoptera","Vespidae","Euodynerus","","annulatus",""
39,"bee","Hymenoptera","Apidae","Diadasia","","enavata",""
40,"bee","Hymenoptera","Apidae","Ceratina","","arizonensis",""
41,"non-bee","Hymenoptera","","","","",""
42,"non-bee","Diptera","Syrphidae","Scaeva","","pyrastri",""
43,"non-bee","Diptera","Syrphidae","Syrphus","","opinator",""
44,"non-bee","Diptera","Syrphidae","Sphaerophoria","","sulphuripes",""
45,"non-bee","Lepidoptera","Nymphalidae","Vanessa","","cardui",""
46,"bee","Hymenoptera","Apidae","Diadasia","","bituberculata",""
47,"bee","Hymenoptera","Megachilidae","Osmia","","texana",""
48,"non-bee","Diptera","Syrphidae","Sphaerophoria","","contigua",""
49,"non-bee","Diptera","Syrphidae","Eristalis","","arbustorum",""
50,"bee","Hymenoptera","Apidae","Melissodes","","stearnsi",""
51,"bee","Hymenoptera","Apidae","Triepeolus","","sp.","nr. lestes"
52,"non-bee","Diptera","Syrphidae","Allograpta","","obliqua",""
53,"non-bee","Diptera","Syrphidae","Syritta","","flaviventris",""
54,"non-bee","Lepidoptera","Pieridae","Pontia","","protodice",""
55,"bee","Hymenoptera","Apidae","Triepeolus","","sp.","FM"
56,"bee","Hymenoptera","Apidae","Svastra","","obliqua","expurgata"
57,"non-bee","Lepidoptera","","","","",""
58,"non-bee","","","","","",""
59,"non-bee","Diptera","Syrphidae","Eupeodes","","volucris",""
60,"bee","Hymenoptera","Halictidae","Lasioglossum","(Dialictus)","megastictum",""
61,"bee","Hymenoptera","Megachilidae","Megachile","","onobrychidis",""
62,"non-bee","Araneae","","","","",""
63,"non-bee","Diptera","Syrphidae","Sphaerophoria","","pyrrhina",""
64,"bee","Hymenoptera","Apidae","Diadasia","","ochracea",""
65,"non-bee","Hymenoptera","Chrysididae","Hedychridium","","soliarellae",""
66,"bee","Hymenoptera","Apidae","Triepeolus","","heterurus",""
67,"non-bee","Diptera","Syrphidae","Platycheirus","","stegnus",""
68,"non-bee","Diptera","Syrphidae","Eristalis","","tenax",""
69,"non-bee","Diptera","Syrphidae","Eristalinus","","aenus",""
70,"bee","Hymenoptera","Andrenidae","Calliopsis","","scutellaris",""
71,"non-bee","Diptera","Syrphidae","Toxomerus","","occidentalis",""
72,"non-bee","Hymenoptera","Vespidae","Stenodynerus","","cochisensis",""
73,"non-bee","Lepidoptera","Hesperiidae","Lerodea","","eufala",""
74,"bee","Hymenoptera","Megachilidae","Megachile","","apicalis",""
75,"bee","Hymenoptera","Apidae","Ceratina","","nanula",""
76,"non-bee","Diptera","Syrphidae","Asemosyrphus","","polygrammus",""
77,"non-bee","Lepidoptera","Hesperiidae","Atalopedes ","","campestris",""
78,"non-bee","Hymenoptera","Formicidae","","","",""
79,"non-bee","Diptera","Syrphidae","Anasimyia","","lunulatus",""
80,"bee","Hymenoptera","Colletidae","Hylaeus","","mesillae",""
81,"non-bee","Lepidoptera","Lycaenidae","Plebejus","","acmon",""
82,"bee","Hymenoptera","Megachilidae","Megachile","","",""
83,"bee","Hymenoptera","Megachilidae","Megachile","","brevis",""
84,"bee","Hymenoptera","Halictidae","Sphecodes","","sp.","B"
85,"bee","Hymenoptera","Halictidae","Sphecodes","","sp.","AM"
86,"non-bee","Hymenoptera","Crabronidae","Aporinellus","","fasciatus",""
87,"bee","Hymenoptera","Andrenidae","Andrena","","scurra",""
88,"bee","Hymenoptera","Andrenidae","Andrena","","nigrocaerulea",""
89,"non-bee","Hymenoptera","Chrysididae","Chrysura","","sagmatis",""
90,"non-bee","Hymenoptera","Chrysididae","Chrysura","","inusitata",""
91,"non-bee","Diptera","Syrphidae","Allograpta","","exotica",""
92,"bee","Hymenoptera","Megachilidae","Megachile","","lippiae",""
93,"non-bee","Diptera","Syrphidae","Tropidia","","quadrata",""
94,"bee","Hymenoptera","Halictidae","Lasioglossum","(Evylaeus)","nigrescens",""
95,"bee","Hymenoptera","Apidae","Bombus","","californicus",""
96,"bee","Hymenoptera","Apidae","Bombus","","vosnesenskii",""
97,"bee","Hymenoptera","Megachilidae","Osmia","","gaudiosa",""
98,"bee","Hymenoptera","Halictidae","Lasioglossum","(Evylaeus)","granosum",""
99,"bee","Hymenoptera","Apidae","Anthophora","","urbana",""
100,"bee","Hymenoptera","Megachilidae","Coelioxys","","gilensis",""
101,"bee","Hymenoptera","Megachilidae","Megachile","","frugalis",""
102,"non-bee","Orthoptera","","","","",""
103,"bee","Hymenoptera","Halictidae","Sphecodes","","",""
104,"non-bee","Odonata","","","","",""
105,"non-bee","Lepidoptera","Nymphalidae","Coenonympha","","tullia",""
106,"bee","Hymenoptera","Apidae","Triepeolus","","timberlakei",""
107,"bee","Hymenoptera","Megachilidae","Osmia","","regulina",""
108,"bee","Hymenoptera","Apidae","Diadasia","","consociata",""
109,"non-bee","Diptera","Syrphidae","","","",""
110,"non-bee","Hymenoptera","Vespidae","Polistes","","dorsalis",""
111,"non-bee","Hymenoptera","Vespidae","Leptochilus","","irwini",""
112,"bee","Hymenoptera","Megachilidae","Osmia","","laeta",""
113,"non-bee","Hymenoptera","Vespidae","Stenodynerus","","blandus",""
114,"non-bee","Diptera","Tachinidae","","","",""
115,"non-bee","Hymenoptera","Vespidae","Polistes","","dominula",""
116,"bee","Hymenoptera","Andrenidae","Andrena","","subchalybea",""
117,"bee","Hymenoptera","Apidae","Peponapis","","pruinosa",""
118,"bee","Hymenoptera","Halictidae","Sphecodes","","sp.","1"
119,"bee","Hymenoptera","Apidae","Diadasia","","australis",""
120,"bee","Hymenoptera","Megachilidae","Megachile","","texana",""
121,"bee","Hymenoptera","Halictidae","Lasioglossum","(Dialictus)","sp.","BM"
122,"non-bee","Lepidoptera","Lycaenidae","Brephidium","","exilis",""
123,"non-bee","Hymenoptera","Vespidae","Polistes","","aurifer",""
124,"bee","Hymenoptera","Halictidae","Lasioglossum","","titusi",""
125,"bee","Hymenoptera","Megachilidae","Ashmeadiella","","bucconis","denticulata"
126,"bee","Hymenoptera","Megachilidae","Megachile","","occidentalis",""
127,"bee","Hymenoptera","Megachilidae","Ashmeadiella","","cactorum","basalis"
128,"bee","Hymenoptera","Megachilidae","Megachile","","angelarum",""
129,"bee","Hymenoptera","Apidae","Xylocopa","","",""
130,"bee","Hymenoptera","Colletidae","Hylaeus","","",""
131,"bee","Hymenoptera","Megachilidae","Megachile","","coquilletti",""
132,"bee","Hymenoptera","Apidae","Triepeolus","","sp.","A"
133,"bee","Hymenoptera","Apidae","Ceratina","","timberlakei",""
134,"non-bee","Diptera","Syrphidae","Eristalis","","stipator",""
135,"bee","Hymenoptera","Halictidae","Lasioglossum","","mellipes",""
136,"non-bee","Hymenoptera","Crabronidae","Tachytes","","distinctus",""
137,"non-bee","Hymenoptera","Sphecidae","Isodontia","","elegans",""
138,"bee","Hymenoptera","Apidae","Triepeolus","","concavus",""
139,"bee","Hymenoptera","Megachilidae","Megachile","","parallela",""
140,"bee","Hymenoptera","Halictidae","Lasioglossum","(Evylaeus)","kincaidii",""
141,"non-bee","Hymenoptera","Vespidae","Euodynerus","","foraminatus",""
142,"non-bee","Diptera","Syrphidae","Platycheirus","","obscurus",""
143,"bee","Hymenoptera","Andrenidae","Andrena","","auricoma",""
144,"bee","Hymenoptera","Andrenidae","Andrena","","chlorogaster",""
145,"non-bee","Lepidoptera","Hesperiidae","Pyrgus","","communis",""
146,"non-bee","Diptera","Syrphidae","Neocnemodon","","",""
147,"bee","Hymenoptera","Halictidae","Sphecodes","","sp.","GM"
148,"bee","Hymenoptera","Apidae","Nomada","","sp.","AM"
149,"bee","Hymenoptera","Apidae","Nomada","","sp.","A"
150,"bee","Hymenoptera","Colletidae","Hylaeus","","bisinuatus",""
151,"non-bee","Lepidoptera","Nymphalidae","Junonia","","coenia",""
152,"non-bee","Lepidoptera","Hesperiidae","Pyrgus","","scriptura",""
153,"bee","Hymenoptera","Andrenidae","Andrena","","piperi",""
154,"bee","Hymenoptera","Andrenidae","Andrena","","chlorura",""
155,"non-bee","Hymenoptera","Chrysididae","Hedychridium","","paulum",""
156,"bee","Hymenoptera","Apidae","Anthophorula","","chionura",""
157,"bee","Hymenoptera","Megachilidae","Osmia","","sp.","MG"
158,"non-bee","Lepidoptera","Hesperiidae","Erynnis","","funeralis",""
159,"non-bee","Hymenoptera","Sphecidae","Prionyx","","thomae",""
160,"bee","Hymenoptera","Apidae","Anthophora","","curta",""
161,"bee","Hymenoptera","Megachilidae","Megachile","","montivaga",""
162,"bee","Hymenoptera","Halictidae","Sphecodes","","sp.","1M"
163,"bee","Hymenoptera","Megachilidae","Megachile","","fidelis",""
164,"bee","Hymenoptera","Halictidae","Lasioglossum","(Dialictus)","punctatoventre",""
165,"non-bee","Lepidoptera","Hesperiidae","Pholisora","","catullus",""
166,"bee","Hymenoptera","Megachilidae","Osmia","","pusilla",""
167,"bee","Hymenoptera","Megachilidae","Osmia","","sp.","MJ"
168,"bee","Hymenoptera","Megachilidae","Anthidiellum","","notatum","robertsoni"
169,"bee","Hymenoptera","Apidae","Diadasia","","rinconis",""
170,"non-bee","Hymenoptera","Chrysididae","Chrysura","","pacifica",""
171,"bee","Hymenoptera","Apidae","Triepeolus","","sp.","D"
172,"bee","Hymenoptera","Megachilidae","Osmia","","lignaria","propinqua"
173,"bee","Hymenoptera","Apidae","Bombus","","",""
174,"non-bee","Hymenoptera","Vespidae","Leptochilus","","rufinodus",""
175,"bee","Hymenoptera","Apidae","Bombus","","crotchii",""
176,"non-bee","Hymenoptera","Sphecidae","Sceliphron","","caementarium",""
177,"non-bee","Diptera","Syrphidae","Paragus","","longistylus",""
178,"bee","Hymenoptera","Apidae","Triepeolus","","subnitens",""
179,"non-bee","Hymenoptera","Chrysididae","Chrysis","","scitule",""
180,"bee","Hymenoptera","Andrenidae","Andrena","","candida",""
181,"bee","Hymenoptera","Megachilidae","Osmia","","",""
182,"bee","Hymenoptera","","","","",""
183,"bee","Hymenoptera","Colletidae","Hylaeus","","rudbeckiae",""
184,"bee","Hymenoptera","Halictidae","Lasioglossum","(Evylaeus)","",""
185,"non-bee","Diptera","Syrphidae","Ferdinandea","","",""
186,"bee","Hymenoptera","Megachilidae","Osmia","","glauca",""
187,"non-bee","Hymenoptera","Crabronidae","Ectemnius","","spinifer",""
188,"non-bee","Hymenoptera","Vespidae","Euodynerus","","hidalgo",""
189,"bee","Hymenoptera","Apidae","Triepeolus","","sp.","GM"
190,"bee","Hymenoptera","Megachilidae","Osmia","","granulosa",""
191,"bee","Hymenoptera","Megachilidae","Protosmia","","rubifloris",""
192,"bee","Hymenoptera","Megachilidae","Coelioxys","","octodentata",""
193,"bee","Hymenoptera","Megachilidae","Stelis","","laticincta",""
194,"bee","Hymenoptera","Apidae","Nomada","","sp.","CKM-2"
195,"bee","Hymenoptera","Halictidae","Lasioglossum","(Evylaeus)","sp.","3M"
196,"non-bee","Diptera","Syrphidae","Paragus","","",""
197,"non-bee","Diptera","Syrphidae","Platycheirus","","",""
198,"bee","Hymenoptera","Andrenidae","Andrena","","cerasifolii",""
199,"non-bee","Hymenoptera","Vespidae","Ancistrocerus","","lineativentris",""
200,"non-bee","Homoptera","","","","",""
201,"non-bee","Diptera","Syrphidae","Copestylum","","mexicanum",""
202,"non-bee","Diptera","Syrphidae","Eristalinus","","aeneus",""
203,"bee","Hymenoptera","Apidae","Nomada","","sp.","3"
204,"non-bee","Diptera","Conopidae","Thecophora","","",""
205,"bee","Hymenoptera","Andrenidae","Andrena","","caerulea",""
206,"bee","Hymenoptera","Andrenidae","Andrena","","microchlora",""
207,"bee","Hymenoptera","Apidae","Triepeolus","","melanarius",""
208,"bee","Hymenoptera","Apidae","Diadasia","","diminuta",""
209,"non-bee","Diptera","Ulidiidae","Euxesta","","",""
210,"non-bee","Diptera","Cicadellidae","","","",""
211,"bee","Hymenoptera","Halictidae","Lasioglossum","(Evylaeus)","diatretum",""
212,"bee","Hymenoptera","Colletidae","Hylaeus","","calvus",""
213,"bee","Hymenoptera","Megachilidae","Osmia","","sp.","MB"
214,"bee","Hymenoptera","Megachilidae","Osmia","","aglaia",""
215,"bee","Hymenoptera","Megachilidae","","","",""
216,"non-bee","Diptera","Chloropidae","","","",""
217,"bee","Hymenoptera","Apidae","Nomada","","sp.","CK-1M"
218,"bee","Hymenoptera","Megachilidae","Heriades","","occidentalis",""
219,"bee","Hymenoptera","Colletidae","Hylaeus","","leptocephalus",""
220,"non-bee","Diptera","Syrphidae","Eumerus","","",""
221,"non-bee","Diptera","Simuliidae","","","",""
222,"bee","Hymenoptera","Andrenidae","Calliopsis","","fracta",""
223,"bee","Hymenoptera","Megachilidae","Osmia","","coloradensis",""
224,"bee","Hymenoptera","Andrenidae","Andrena","","orthocarpi",""
225,"bee","Hymenoptera","Halictidae","Lasioglossum","","sisymbrii",""
226,"bee","Hymenoptera","Megachilidae","Osmia","","trevoris",""
227,"bee","Hymenoptera","Apidae","Eucera","","edwardsii",""
228,"bee","Hymenoptera","Apidae","Nomada","","hesperia",""
229,"bee","Hymenoptera","Apidae","Melissodes","","communis","alopex"
230,"bee","Hymenoptera","Apidae","Xylocopa","","varipuncta",""
231,"bee","Hymenoptera","Apidae","Triepeolus","","sp.","1M"
232,"bee","Hymenoptera","Apidae","Xylocopa","","tabaniformis","orpifex"
233,"non-bee","Diptera","Syrphidae","Eumerus","","strigatus",""
234,"bee","Hymenoptera","Andrenidae","Andrena","","knuthiana",""
235,"bee","Hymenoptera","Andrenidae","Andrena","","cressonii","infasciata"
236,"bee","Hymenoptera","Apidae","Nomada","","sp.","3M"
237,"bee","Hymenoptera","Andrenidae","Perdita","","salicis","tristis"
238,"bee","Hymenoptera","Melittidae","Hesperapis","","ilicifoliae",""
239,"bee","Hymenoptera","Apidae","Eucera","frater","albopilosa",""
240,"non-bee","Diptera","Syrphidae","Allograpta","","micrura",""
241,"bee","Hymenoptera","Apidae","Xeromelecta","","californica",""
242,"bee","Hymenoptera","Apidae","Triepeolus","","sp.","2M"
243,"non-bee","Diptera","Syrphidae","Myathropa","","florea",""
244,"non-bee","Hymenoptera","Vespidae","Eumenes","","crucifera",""
245,"bee","Hymenoptera","Megachilidae","Anthidium","","manicatum",""
246,"bee","Hymenoptera","Halictidae","","","",""
247,"non-bee","Diptera","Tachinidae","Gymnosomam","","",""
248,"non-bee","Diptera","Tachinidae","Trichopoda","","",""
249,"non-bee","Diptera","Tachinidae","Cylindromyia","","",""
250,"non-bee","Hymenoptera","Crabronidae","Belomicrus","","sericeum",""
251,"non-bee","Hymenoptera","Vespidae","Stenodynerus","","claremontensis",""
252,"bee","Hymenoptera","Megachilidae","Osmia","","sp.","MD"
253,"non-bee","Hymenoptera","Chrysididae","Chrysis","","amala",""
254,"non-bee","Mantodea","","","","",""
255,"non-bee","Diptera","Pipunculidae","","","",""
256,"bee","Hymenoptera","Apidae","Diadasia","","nigrifrons",""
257,"non-bee","Diptera","Syrphidae","Syrphus","","torvus",""
258,"bee","Hymenoptera","Andrenidae","Andrena","","w-scripta",""
259,"non-bee","Hymenoptera","Vespidae","Polistes",NA,"dominula",NA
260,NA,NA,"",NA,NA,NA,NA
261,"non-bee","Diptera","Syrphidae","Sphaerophoria",NA,"contigua",NA
262,"non-bee","Hymenoptera","Vespidae","Stenodynerus",NA,"blandus",NA
263,"non-bee","Diptera","Syrphidae","Sphaerophoria",NA,"sulphuripes",NA
264,"non-bee","Hymenoptera","Chrysididae","Hedychridium",NA,"soliarellae",NA
265,"bee","Hymenoptera","Apidae","Nomada","","sp.","5"
266,"non-bee","Hymenoptera","Crabronidae","Ectemnius",NA,"spinifer",NA
267,"non-bee","Diptera","Syrphidae","Eupeodes",NA,"fumipennis",NA
268,"non-bee","Hymenoptera","Crabronidae","Ectemnius",NA,"areuatus",NA
269,"non-bee","Diptera","Syrphidae","Platycheirus",NA,"stegnus",NA
270,"non-bee","Diptera","Syrphidae","Platycheirus",NA,"obscurus",NA
271,"non-bee","Diptera","Syrphidae","Syrphus",NA,"opinator",NA
272,"non-bee","Diptera","Syrphidae","Scaeva",NA,"pyrastri",NA
273,"non-bee","Diptera","Syrphidae","Allograpta",NA,"exotica",NA
274,"non-bee","Diptera","Syrphidae","Toxomerus",NA,"marginatus",NA
275,"non-bee","Diptera","Syrphidae","Asemosyrphus",NA,"polygrammus",NA
276,"non-bee","Diptera","Syrphidae","Eupeodes",NA,"volucris",NA
277,"non-bee","Diptera","Syrphidae","Paragus",NA,"haemorrhous",NA
278,"non-bee","Lepidoptera","Hesperiidae","Pyrgus",NA,"communis",NA
279,"non-bee","Lepidoptera","Nymphalidae","Vanessa",NA,"cardui",NA
280,"non-bee","Hymenoptera","Vespidae","Polistes",NA,"aurifer",NA
281,"non-bee","Diptera","Syrphidae","Helophilus",NA,"latifrons",NA
282,"non-bee","Lepidoptera","Hesperiidae","Atalopedes",NA,"campestris",NA
283,"non-bee","Diptera","Syrphidae","Eristalinus",NA,"aeneus",NA
284,"non-bee","Diptera","Syrphidae","Eristalis",NA,"tenax",NA
285,"non-bee","Hymenoptera","Vespidae","Stenodynerus",NA,"cochisensis",NA
286,"non-bee","Lepidoptera","Pieridae","Pieris",NA,"rapae",NA
287,"non-bee","Diptera","Syrphidae","Tropidia",NA,"quadrata",NA
288,"bee","Hymenoptera","Andrenidae","Andrena","","angustitarsata",""
289,"non-bee","Diptera","Syrphidae","Ceriana",NA,"tridens",NA
290,"non-bee","Diptera","Syrphidae","Sphaerophoria",NA,"pyrrhina",NA
291,"non-bee","Diptera","Syrphidae","Eristalis",NA,"hirta",NA
292,"non-bee","Lepidoptera","Lycaenidae","Lycaena",NA,"helloides",NA
293,"non-bee","Diptera","Syrphidae","Syritta",NA,"flaviventris",NA
294,"non-bee","Hymenoptera","Vespidae","Euodynerus",NA,"hidalgo",NA
295,"non-bee","Hymenoptera","Vespidae","Euodynerus",NA,"annulatus",NA
296,"non-bee","Hymenoptera","Vespidae","Ancistrocerus",NA,"catskill",NA
297,"non-bee","Hymenoptera","Vespidae","Polistes",NA,"dorsalis",NA
298,"non-bee","Diptera","Syrphidae","Syritta",NA,"pipiens",NA
299,"non-bee","Hymenoptera","Sphecidae","Prionyx",NA,"attratus",NA
300,"non-bee","Hymenoptera","Sphecidae","Isodontia",NA,"elegans",NA
301,"non-bee","Hymenoptera","Chrysididae","Chrysura",NA,"inusitata",NA
302,"non-bee","Lepidoptera","Pieridae","Colias",NA,"eurytheme",NA
303,"non-bee","Hymenoptera","Vespidae","Leptochilus",NA,"irwini",NA
304,"bee","Hymenoptera","Apidae","Eucera","","frater",""
305,"bee","Hymenoptera","Apidae","Ceratina","","punctigena",""
306,"non-bee","Hymenoptera","Crabronidae","Tachytes",NA,"distinctus",NA
307,"non-bee","Hymenoptera","Vespidae","Eumenes",NA,"crucifera",NA
308,"non-bee","Lepidoptera","Nymphalidae","Junonia",NA,"coenia",NA
309,"non-bee","Diptera","Syrphidae","Copestylum",NA,"mexicanum",NA
310,"non-bee","Hymenoptera","Sphecidae","Prionyx",NA,"parkeri",NA
311,"non-bee","Hymenoptera","Sphecidae","Sceliphron",NA,"caementarium",NA
312,"non-bee","Hymenoptera","Sphecidae","Chalybion",NA,"californicum",NA
313,"non-bee","Lepidoptera","Lycaenidae","Plebejus",NA,"acmon",NA
314,"non-bee","Diptera","Syrphidae","Eristalis",NA,"arbustorum",NA
315,"non-bee","Hymenoptera","Chrysididae","Chrysis",NA,"amala",NA
316,"non-bee","Lepidoptera","Lycaenidae","Atilides",NA,"halesus",NA
317,"non-bee","Diptera","Syrphidae","Myathropa",NA,"florea",NA
318,"bee","Hymenoptera","Halictidae","Lasioglossum","(Dialictus)","brunneiiventre",""
319,"bee","Hymenoptera","Halictidae","Lasioglossum","(Dialictus)","impavidum",""
320,"non-bee","Hymenoptera","Vespidae","Ancistrocerus",NA,"spilogaster",NA
321,"non-bee","Diptera","Syrphidae","Eristalis",NA,"stipator",NA
322,"non-bee","Diptera","Syrphidae","Allograpta",NA,"obliqua",NA
323,"non-bee","Hymenoptera","Crabronidae","Bembix",NA,"americana",NA
324,"bee","Hymenoptera","Apidae","Bombus","","vandykei",""
325,"bee","Hymenoptera","Apidae","Nomada","","sp.","CK-2M"
326,"bee","Hymenoptera","Colletidae","Hylaeus","","episcopalis",""
327,"bee","Hymenoptera","Halictidae","Lasioglossum","","ovaliceps",""
328,"bee","Hymenoptera","Apidae","Diadasia","","conociata",""
329,"non-bee","Hymenoptera","Sphecidae","Sphex",NA,"pensylvanicus",NA
330,"non-bee","Diptera","Syrphidae","Toxomerus",NA,"occidentalis",NA
331,"non-bee","Hymenoptera","Crabronidae","Belomicrus",NA,"sericeum",NA
332,"non-bee","Hymenoptera","Vespidae","Stenodynerus",NA,"claremontensis",NA
333,"bee","Hymenoptera","Halictidae","Lasioglossum","","(Dialictus)",""
334,"non-bee","Diptera","Syrphidae","Palpada",NA,"alhambra",NA
335,"non-bee","Lepidoptera","Lycaenidae","Cupido",NA,"amyntula",NA
336,"bee","Hymenoptera","Andrenidae","Calliopsis","","hesperia","equina"
337,"non-bee","Lepidoptera","Hesperiidae","Lerodea",NA,"eufala",NA
338,"non-bee","Lepidoptera","Lycaenidae","Strymon",NA,"melinus",NA
339,"non-bee","Lepidoptera","Lycaenidae","Brephidium",NA,"exilis",NA
340,"non-bee","Diptera","Syrphidae","Pipiza",NA,"",NA
341,"bee","Hymenoptera","Megachilidae","Dianthidium","","ulkei",""
342,"non-bee","Hymenoptera","Sphecidae","Chlorion",NA,"aerarium",NA
343,"non-bee","Lepidoptera","Hesperiidae","Pyrgus",NA,"scriptura",NA
344,"bee","Hymenoptera","Halictidae","Lasioglossum","(Dialictus)","B",""
345,"bee","Hymenoptera","Megachilidae","Dianthidium","","pudicum",""
346,"bee","Hymenoptera","Halictidae","Lasioglossum","(Evylaeus)","sp.","P"
347,"non-bee","Lepidoptera","Nymphalidae","Phyciodes",NA,"mylitta",NA
348,"bee","Hymenoptera","Halictidae","Sphecodes","","sp.","D"
349,"bee","Hymenoptera","Halictidae","Lasioglossum","(Dialictus)","D",""
350,"bee","Hymenoptera","Apidae","Triepeolus","","sp.","CK-1"
351,"bee","Hymenoptera","Halictidae","Lasioglossum","(Dialictus)","spp.",""
352,"non-bee","Diptera","Syrphidae","Parhelophilus",NA,"laetus",NA
353,"bee","Hymenoptera",NA,"Tetraloniella","","pomonae",""
354,"bee","Hymenoptera","Andrenidae","Calliopsis","","boharti",""
355,"non-bee","Lepidoptera","Papilionidae","Battus",NA,"philenor",NA
356,"non-bee","Lepidoptera","Hesperiidae","Pholisora",NA,"catullus",NA
357,"non-bee","Lepidoptera","Nymphalidae","Limentis",NA,"lorquini",NA
358,"non-bee","Lepidoptera","Nymphalidae","Coenonympha",NA,"tullia",NA
359,"bee","Hymenoptera","Andrenidae","Andrena","","subaustralis",""
360,"non-bee","Diptera","Syrphidae","Syrphus",NA,"torvus",NA
361,"bee","Hymenoptera","Megachilidae","Stelis","","montana",""
362,"non-bee","Diptera","Syrphidae","Mallota",NA,"sackeni",NA
363,"bee","Hymenoptera","Halictidae","Lasioglossum","(Evylaeus)","sp.","4"
364,"non-bee","Diptera","Syrphidae","Lejops",NA,"polygrammus",NA
365,"bee","Hymenoptera","Megachilidae","Coelioxys","","apacheiorum",""
366,"non-bee","Diptera","Syrphidae","Platycheirus",NA,"quadratus",NA
367,"bee","Hymenoptera","Megachilidae","Coelioxys","","novomexicana",""
368,"bee","Hymenoptera","Andrenidae","Calliopsis","","scitula",""
369,"non-bee","Diptera","Syrphidae","Eumerus",NA,"strigatus",NA
370,"bee","Hymenoptera","Apidae","Nomada","","sp.","CK-1"
371,"bee","Hymenoptera","Colletidae","Colletes","","hyalinus",""
372,"bee","Hymenoptera","Megachilidae","Osmia","","odontogaster",""
373,"bee","Hymenoptera","Apidae","Anthophora","","edwardsii",""
374,"bee","Hymenoptera","Apidae","Nomada","","sp.","HS-Y-1"
375,"non-bee","Diptera","Syrphidae","Neocnemodon",NA,"sp",NA
376,"non-bee","Diptera","Syrphidae","Odontomyia",NA,"sp",NA
377,"non-bee","Lepidoptera","Papilionidae","Papilio",NA,"rutulus",NA
378,"non-bee","Lepidoptera","Pieridae","Pontia",NA,"protodice",NA
379,"bee","Hymenoptera","Andrenidae","Andrena","","melanochroa",""
380,"bee","Hymenoptera","Halictidae","Lasioglossum","","olympiae",""
381,"bee","Hymenoptera","Andrenidae","Andrena","","misella",""
382,"bee","Hymenoptera","Megachilidae","Osmia","","sp.","CK-BR"
383,"bee","Hymenoptera",NA,"Habropoda","","tristissima",""
384,"bee","Hymenoptera","Megachilidae","Hoplitis","","sambuci",""
385,"bee","Hymenoptera","Megachilidae","Osmia","","cyanella",""
386,"bee","Hymenoptera","Megachilidae","Osmia","","gabrielis",""
387,"bee","Hymenoptera","Colletidae","Hylaeus","","verticalis",""
388,"bee","Hymenoptera","Colletidae","Colletes","","fulgidus",""
389,"bee","Hymenoptera","Andrenidae","Andrena","","semipunctata",""
390,"bee","Hymenoptera","Megachilidae","Osmia","","spp.",""
391,"non-bee","Diptera","Syrphidae","Gymnosoma",NA,"",NA
392,"bee","Hymenoptera","Megachilidae","Anthidium","","illustre","robertsoni"
393,"bee","Hymenoptera",NA,"Dufourea","","sp.","1"
394,"non-bee","Diptera","Syrphidae","Platycheirus",NA,"",NA
395,"bee","Hymenoptera","Megachilidae","Megachile","","prosopidis",""
396,"bee","Hymenoptera","Halictidae","Halictus","","farinosus",""
397,"non-bee","Diptera","Syrphidae","Eumerus",NA,"",NA
398,"bee","Hymenoptera","Megachilidae","Ashmeadiella","","timberlakei","solida"
399,"bee","Hymenoptera","Megachilidae","Anthidium","","utahense","robertsoni"
400,"bee","Hymenoptera","Halictidae","Sphecodes","","spp.",""
401,"bee","Hymenoptera","Apidae","Triepeolus","","utahensis",""
402,"non-bee","Lepidoptera","Hesperiidae","Poanes",NA,"melane",NA
403,"non-bee","Lepidoptera","Lycaenidae","Callophrys",NA,"augustinus",NA
404,"bee","Hymenoptera","Apidae","Melissodes","","communis","aloplex"
405,"non-bee","Diptera","Syrphidae","Paragus",NA,"sp.",NA
406,"bee","Hymenoptera","Halictidae","Lasioglossum","(Evylaeus)","sp.","B"
407,"non-bee","Diptera","Syrphidae","Platycheirus",NA,"sp.",NA
408,"non-bee","Diptera","Syrphidae","Lapposyrphus",NA,"lapponicus",NA
409,"bee","Hymenoptera","Apidae","Diadasia","","chionura",""
